{"horizon":{"0":4500000,"1":5400000,"2":6300000,"3":7200000,"4":8100000,"5":9000000,"6":9900000,"7":10800000,"8":11700000,"9":12600000,"10":13500000,"11":14400000,"12":15300000,"13":16200000,"14":17100000,"15":18000000,"16":18900000,"17":19800000,"18":20700000,"19":21600000,"20":22500000,"21":23400000,"22":24300000,"23":25200000,"24":26100000,"25":27000000,"26":27900000,"27":28800000,"28":29700000,"29":30600000,"30":31500000,"31":32400000,"32":33300000,"33":34200000,"34":35100000,"35":36000000,"36":36900000,"37":37800000,"38":38700000,"39":39600000,"40":40500000,"41":41400000,"42":42300000,"43":43200000},"mse":{"0":8945.7491207811,"1":8791.2419673606,"2":8836.26924831,"3":8482.0082875666,"4":8874.3127822545,"5":9644.3977611787,"6":11031.1711822246,"7":12539.8729948161,"8":15490.6393186103,"9":19246.813056692,"10":23515.0063933396,"11":28918.2765966601,"12":123681.0173516006,"13":217434.1699539063,"14":307880.4931310977,"15":394746.6084974637,"16":431936.7125742961,"17":419829.8503712043,"18":405752.5735308263,"19":387741.7693387124,"20":368183.4006852272,"21":345251.8877558935,"22":321290.8748934594,"23":298605.6401852109,"24":278143.9806479137,"25":260663.1530686571,"26":247436.1452365308,"27":235244.197524664,"28":224704.6595718852,"29":215856.6508706549,"30":209171.8089205753,"31":204511.3497595269,"32":201922.0326471212,"33":200060.8496396916,"34":199490.5823626021,"35":199803.8371221089,"36":199664.8982249124,"37":199316.8456799249,"38":197789.3097515365,"39":194297.5533593083,"40":189622.7193174477,"41":183953.5396637345,"42":177897.0472341905,"43":172181.9840813542},"rmse":{"0":94.581970379,"1":93.7616231054,"2":94.001432161,"3":92.0978191249,"4":94.2035709634,"5":98.2058947374,"6":105.0293824709,"7":111.9815743541,"8":124.4613969012,"9":138.7328838333,"10":153.3460348145,"11":170.0537462,"12":351.6831206521,"13":466.2983700957,"14":554.8697983591,"15":628.2886347034,"16":657.2189228669,"17":647.9427832542,"18":636.9871062516,"19":622.6891434245,"20":606.7811802332,"21":587.5813881973,"22":566.8252595761,"23":546.4482044853,"24":527.3935728163,"25":510.5518123253,"26":497.4295379614,"27":485.0197908587,"28":474.0302306519,"29":464.6037568409,"30":457.353046257,"31":452.2293110354,"32":449.3573551719,"33":447.2816222915,"34":446.6436861331,"35":446.9942249315,"36":446.8387832596,"37":446.4491524014,"38":444.7351006515,"39":440.7919615412,"40":435.4569086804,"41":428.8980527628,"42":421.7784338183,"43":414.9481703555},"mae":{"0":85.6720293579,"1":83.7006898431,"2":81.1848944787,"3":76.624991326,"4":75.7499872105,"5":77.6253087322,"6":84.5380426941,"7":95.0487698709,"8":111.543558641,"9":129.675233576,"10":147.2496789438,"11":165.0017907123,"12":255.2611996651,"13":339.1745001339,"14":414.9284371307,"15":483.0295554281,"16":507.3624235325,"17":490.4151617368,"18":473.0609631222,"19":455.6731577165,"20":439.0735792547,"21":421.4251075038,"22":404.9014989678,"23":390.3565393683,"24":377.7701504925,"25":366.6935811565,"26":357.5825370366,"27":347.7960531134,"28":340.4834148963,"29":335.2481533201,"30":332.1448476622,"31":329.4533905113,"32":329.2477733136,"33":333.0133659216,"34":340.2505501806,"35":351.7388891505,"36":364.7570653015,"37":376.0509845303,"38":382.731364776,"39":385.1274434711,"40":384.940458725,"41":382.1360003269,"42":378.4998934244,"43":375.8577505793},"mape":{"0":0.0780187672,"1":0.0756812089,"2":0.0728352245,"3":0.0679924589,"4":0.0666037751,"5":0.0675738322,"6":0.0727129145,"7":0.0804375765,"8":0.0929475237,"9":0.1062581607,"10":0.1186609801,"11":0.1317172933,"12":0.3249244611,"13":0.5108997967,"14":0.6841994831,"15":0.84504332,"16":0.9002002333,"17":0.8537046357,"18":0.8057648313,"19":0.7536317738,"20":0.7029919494,"21":0.6502902417,"22":0.6000931875,"23":0.5559738785,"24":0.5189289659,"25":0.4888366382,"26":0.4669039963,"27":0.4462474421,"28":0.4296617277,"29":0.4166664206,"30":0.4076875113,"31":0.4012379576,"32":0.3989542853,"33":0.4004274803,"34":0.4058550061,"35":0.4153637256,"36":0.425485315,"37":0.4341256813,"38":0.4382575376,"39":0.4374228,"40":0.4338353997,"41":0.4277135049,"42":0.4210415194,"43":0.4159820037},"mdape":{"0":0.0978460518,"1":0.0499055369,"2":0.0427441875,"3":0.0978460518,"4":0.0366434597,"5":0.03077455,"6":0.1022938847,"7":0.0662750594,"8":0.086434068,"9":0.1007578172,"10":0.1102991793,"11":0.1107040756,"12":0.1107040756,"13":0.1597811318,"14":0.1737186339,"15":0.1107040756,"16":0.102475159,"17":0.0907160335,"18":0.0697482407,"19":1.3097898227,"20":1.2247769904,"21":0.0246391101,"22":1.0224117864,"23":0.0103971612,"24":0.0135891533,"25":0.0135891533,"26":0.0135891533,"27":0.0135891533,"28":0.0151917376,"29":0.7788912769,"30":0.7770838426,"31":0.7757240347,"32":0.0224932935,"33":0.064307171,"34":0.7554727623,"35":0.124151418,"36":0.1470694842,"37":0.1701415502,"38":0.1749549687,"39":0.1788574612,"40":0.1911733695,"41":0.1934473107,"42":0.6147509354,"43":0.2256108928},"coverage":{"0":1.0,"1":1.0,"2":1.0,"3":1.0,"4":1.0,"5":1.0,"6":1.0,"7":1.0,"8":1.0,"9":0.8888888889,"10":0.7777777778,"11":0.5555555556,"12":0.3333333333,"13":0.2777777778,"14":0.2777777778,"15":0.3333333333,"16":0.4444444444,"17":0.5,"18":0.5,"19":0.5,"20":0.5,"21":0.5,"22":0.5,"23":0.5,"24":0.5,"25":0.5,"26":0.5,"27":0.5,"28":0.5,"29":0.5,"30":0.5,"31":0.5,"32":0.5,"33":0.5,"34":0.5,"35":0.3888888889,"36":0.2777777778,"37":0.1666666667,"38":0.0555555556,"39":0.0,"40":0.0,"41":0.0,"42":0.0,"43":0.0}}