{"horizon":{"0":3600000,"1":4500000,"2":5400000,"3":6300000,"4":7200000,"5":8100000,"6":9000000,"7":9900000,"8":10800000,"9":11700000,"10":12600000,"11":13500000,"12":14400000,"13":15300000,"14":16200000,"15":17100000,"16":18000000,"17":18900000,"18":19800000,"19":20700000,"20":21600000,"21":22500000,"22":23400000,"23":24300000,"24":25200000,"25":26100000,"26":27000000,"27":27900000,"28":28800000,"29":29700000,"30":30600000,"31":31500000,"32":32400000,"33":33300000,"34":34200000,"35":35100000,"36":36000000,"37":36900000,"38":37800000,"39":38700000,"40":39600000,"41":40500000,"42":41400000,"43":42300000,"44":43200000},"mse":{"0":53326.7786821575,"1":52975.82051313,"2":52239.277957213,"3":52474.178018586,"4":53084.2052900916,"5":55129.9806156936,"6":58551.0175554684,"7":62223.7618648451,"8":66981.6313681311,"9":72136.5368362795,"10":77444.482905765,"11":83467.3124203965,"12":88873.6816354695,"13":94129.6249701031,"14":99210.1736792706,"15":103862.7408154508,"16":108874.1466050892,"17":99950.2799408808,"18":92442.9446876714,"19":84936.3473912798,"20":77143.9034065678,"21":68071.719488068,"22":58190.2440285388,"23":46739.3846464634,"24":34484.6903409572,"25":46933.3805884083,"26":54420.1644611433,"27":61526.4536270234,"28":70216.1168473563,"29":60462.1160745791,"30":51822.697279324,"31":44809.6112546534,"32":39518.3666247478,"33":35706.6132174986,"34":33677.4313578786,"35":33147.2205477334,"36":32862.380284212,"37":33260.2760545574,"38":33743.953220842,"39":33553.1881824959,"40":33705.9061583903,"41":33634.4764771665,"42":33141.6212911982,"43":32973.8452164268,"44":32435.7215376065},"rmse":{"0":230.9259160037,"1":230.1647681839,"2":228.5591344865,"3":229.0724296344,"4":230.4000982858,"5":234.7977440601,"6":241.9731752808,"7":249.4469119168,"8":258.8080975706,"9":268.5824581693,"10":278.2884886332,"11":288.9070999827,"12":298.1168925698,"13":306.8055165249,"14":314.9764652784,"15":322.2774283369,"16":329.9608258644,"17":316.1491419265,"18":304.0443136907,"19":291.4384109744,"20":277.7479134153,"21":260.9055758087,"22":241.2265408875,"23":216.1929338495,"24":185.7005394202,"25":216.6411331867,"26":233.2812989957,"27":248.0452652784,"28":264.9832388046,"29":245.8904554361,"30":227.6459911339,"31":211.6828081226,"32":198.7922700327,"33":188.9619358958,"34":183.5141175983,"35":182.0637815375,"36":181.279839707,"37":182.3740004895,"38":183.6952727232,"39":183.1752935919,"40":183.5916832495,"41":183.3970459881,"42":182.0484037041,"43":181.5870183037,"44":180.0991991587},"mae":{"0":201.0686831945,"1":198.5799964491,"2":194.8636110125,"3":191.9153217241,"4":187.7449376206,"5":185.376581629,"6":183.8480658404,"7":184.7488994688,"8":191.4082849429,"9":202.172042913,"10":216.2756581533,"11":230.2912007072,"12":239.9293321024,"13":243.7580569766,"14":243.447262981,"15":248.1884868583,"16":260.0794544209,"17":251.8059117718,"18":247.2476576417,"19":244.4511339025,"20":240.9771494255,"21":232.1959079081,"22":221.2679417663,"23":203.9508220954,"24":183.869046937,"25":201.0494489832,"26":208.1768999135,"27":216.8893767178,"28":232.2809671492,"29":213.0124971413,"30":192.4894948353,"31":171.7264978484,"32":154.185938099,"33":143.2234531951,"34":140.018353667,"35":143.7166934926,"36":148.984107127,"37":154.5482878235,"38":159.2600467257,"39":160.9458436676,"40":162.4215627016,"41":162.506213505,"42":160.0346505297,"43":157.8685023094,"44":152.9046558022},"mape":{"0":0.2110091242,"1":0.2088949876,"2":0.2052223131,"3":0.2029491961,"4":0.1997783636,"5":0.1989405845,"6":0.1996190706,"7":0.2020864903,"8":0.2098525486,"9":0.2208451518,"10":0.2342136965,"11":0.2474927433,"12":0.2560566682,"13":0.2594540984,"14":0.2592807017,"15":0.2617920225,"16":0.2683427039,"17":0.2507080913,"18":0.2351098117,"19":0.2207587151,"20":0.2059711104,"21":0.1876293857,"22":0.168049809,"23":0.1450599469,"24":0.1204129116,"25":0.1460517976,"26":0.1639918209,"27":0.180857881,"28":0.2002554908,"29":0.1818050889,"30":0.1632566408,"31":0.1455758024,"32":0.1309945684,"33":0.121581248,"34":0.118591591,"35":0.1214723643,"36":0.1256160172,"37":0.130330745,"38":0.1344277558,"39":0.1358375317,"40":0.1372870531,"41":0.1375725918,"42":0.1356987136,"43":0.1343005074,"44":0.1306090787},"mdape":{"0":0.2120202435,"1":0.2114604305,"2":0.2075816503,"3":0.2059457962,"4":0.2002582858,"5":0.1969940263,"6":0.2013460369,"7":0.1964093188,"8":0.2072312338,"9":0.2221100085,"10":0.2344889975,"11":0.2440126071,"12":0.2524361691,"13":0.255035386,"14":0.2643319028,"15":0.2617292521,"16":0.2879319775,"17":0.3032188474,"18":0.1256415206,"19":0.1256415206,"20":0.1339872887,"21":0.1307151207,"22":0.1307151207,"23":0.1226919805,"24":0.1226919805,"25":0.1226919805,"26":0.1108768265,"27":0.0973843878,"28":0.1840260981,"29":0.1691163959,"30":0.1571175466,"31":0.1470389618,"32":0.13574238,"33":0.1198397494,"34":0.1215414302,"35":0.1280104521,"36":0.1313380995,"37":0.1346798569,"38":0.1379294733,"39":0.136957202,"40":0.136957202,"41":0.136957202,"42":0.1365950642,"43":0.1362552569,"44":0.1352415679},"coverage":{"0":0.5,"1":0.5,"2":0.5,"3":0.5,"4":0.5,"5":0.5,"6":0.5,"7":0.5,"8":0.5,"9":0.5,"10":0.5,"11":0.5,"12":0.5,"13":0.5,"14":0.5,"15":0.5,"16":0.375,"17":0.3125,"18":0.25,"19":0.1875,"20":0.125,"21":0.0625,"22":0.0,"23":0.0,"24":0.0,"25":0.125,"26":0.25,"27":0.375,"28":0.5,"29":0.5,"30":0.5,"31":0.5,"32":0.5,"33":0.5,"34":0.5,"35":0.5,"36":0.5,"37":0.5,"38":0.5,"39":0.5,"40":0.5,"41":0.5,"42":0.5,"43":0.5,"44":0.5}}