{"horizon":{"0":6300000,"1":7200000,"2":8100000,"3":9000000,"4":9900000,"5":10800000,"6":11700000,"7":12600000,"8":13500000,"9":14400000,"10":15300000,"11":16200000,"12":17100000,"13":18000000,"14":18900000,"15":19800000,"16":20700000,"17":21600000,"18":22500000,"19":23400000,"20":24300000,"21":25200000,"22":26100000,"23":27000000,"24":27900000,"25":28800000,"26":29700000,"27":30600000,"28":31500000,"29":32400000,"30":33300000,"31":34200000,"32":35100000,"33":36000000,"34":36900000,"35":37800000,"36":38700000,"37":39600000,"38":40500000,"39":41400000,"40":42300000,"41":43200000},"mse":{"0":4194.5547468149,"1":4642.848038154,"2":4918.7361681862,"3":4966.308150806,"4":4936.7308485781,"5":4675.2015739708,"6":4355.3350381775,"7":4175.4238342507,"8":3868.6267783809,"9":3602.0808592846,"10":3440.1436025517,"11":42638.0718956423,"12":75547.3781760752,"13":104155.3863804194,"14":108271.8981624348,"15":95414.9798178944,"16":86578.629248878,"17":82871.9183045756,"18":81247.7184107147,"19":80107.2627364331,"20":80384.5394718532,"21":83903.0779249118,"22":89174.0146103709,"23":96358.0436191771,"24":102290.940207088,"25":106599.4920373579,"26":108592.1431215133,"27":108270.9532139944,"28":106267.5114177408,"29":102163.5501526119,"30":96596.5333989311,"31":87664.5028252155,"32":76103.9703140341,"33":62157.3019937748,"34":48128.3032636293,"35":35458.7279029829,"36":25202.7283056767,"37":16989.3995924061,"38":10742.5700120913,"39":6228.5474581825,"40":3199.0676409353,"41":1584.5696041165},"rmse":{"0":64.7653823181,"1":68.1384475766,"2":70.1337020853,"3":70.4720380776,"4":70.2618733637,"5":68.3754456949,"6":65.9949622182,"7":64.6175195613,"8":62.1982859762,"9":60.017337989,"10":58.6527373833,"11":206.4898832767,"12":274.8588331782,"13":322.7311363665,"14":329.046954343,"15":308.8931527533,"16":294.2424667666,"17":287.8748309675,"18":285.0398540743,"19":283.0322644796,"20":283.521673725,"21":289.6602801989,"22":298.6201845327,"23":310.41592037,"24":319.8295486772,"25":326.4957764464,"26":329.5332200576,"27":329.045518453,"28":325.9869804421,"29":319.6303335927,"30":310.7998285053,"31":296.0819191123,"32":275.8694805774,"33":249.3136618675,"34":219.3816383922,"35":188.304880189,"36":158.7536717864,"37":130.3433910576,"38":103.6463699899,"39":78.9211470911,"40":56.5603009268,"41":39.806652762},"mae":{"0":63.8810489536,"1":67.7586973055,"2":69.9182760193,"3":70.3043784003,"4":70.0696168472,"5":68.1491818069,"6":65.8310991633,"7":64.4649494586,"8":62.0235251989,"9":59.9464664731,"10":58.5523116865,"11":124.7835558013,"12":185.0453604218,"13":242.3669382143,"14":260.9964380294,"15":249.6310978705,"16":241.945616144,"17":238.9566673771,"18":234.7370138302,"19":225.5662621997,"20":217.8778734422,"21":219.3723636074,"22":228.1311792222,"23":242.3911722006,"24":252.4626712896,"25":256.0613326958,"26":254.3219573798,"27":247.7906618779,"28":240.5905252548,"29":235.4663723152,"30":232.8500110654,"31":227.1521248192,"32":214.896079241,"33":193.9687052428,"34":169.2008297975,"35":143.7484389838,"36":121.3599714617,"37":100.6432120365,"38":81.9043436585,"39":64.2745003237,"40":47.4104536662,"41":34.9130153828},"mape":{"0":0.0666783359,"1":0.070771952,"2":0.0730215132,"3":0.073346277,"4":0.0730252718,"5":0.0708557911,"6":0.0682698266,"7":0.066771655,"8":0.0640960725,"9":0.0617936754,"10":0.060225776,"11":0.1684173594,"12":0.2595254539,"13":0.3404782164,"14":0.3545457957,"15":0.3212609831,"16":0.2981954903,"17":0.2863941706,"18":0.2763520228,"19":0.2626311203,"20":0.2516846451,"21":0.251382908,"22":0.2585816318,"23":0.2720265519,"24":0.2810188513,"25":0.2837658393,"26":0.2806342171,"27":0.2720629568,"28":0.2617682851,"29":0.2516164689,"30":0.2427131197,"31":0.2294290418,"32":0.2099904009,"33":0.1831720713,"34":0.1543147544,"35":0.126716426,"36":0.1036136563,"37":0.0835007399,"38":0.0662945588,"39":0.0509857705,"40":0.0370563826,"41":0.0270503541},"mdape":{"0":0.0664750146,"1":0.0735704202,"2":0.0743505817,"3":0.0743505817,"4":0.0743505817,"5":0.0735704202,"6":0.0650379727,"7":0.0642279785,"8":0.0633983791,"9":0.0630832185,"10":0.0628930618,"11":0.0604123848,"12":0.0602941046,"13":0.0623776313,"14":0.0665930562,"15":0.5100712465,"16":0.4800504411,"17":0.4800504411,"18":0.0812852569,"19":0.0806498078,"20":0.0732455458,"21":0.0515349917,"22":0.4624495543,"23":0.0484495844,"24":0.5017341071,"25":0.5073713468,"26":0.5189086349,"27":0.5040539213,"28":0.0313819797,"29":0.0243309646,"30":0.0390630782,"31":0.3724738183,"32":0.3212597493,"33":0.2630904582,"34":0.2170432346,"35":0.0312733139,"36":0.0224333172,"37":0.0992252567,"38":0.0682998808,"39":0.0452413801,"40":0.0238691888,"41":0.0206933203},"coverage":{"0":1.0,"1":1.0,"2":1.0,"3":1.0,"4":1.0,"5":1.0,"6":1.0,"7":1.0,"8":1.0,"9":1.0,"10":1.0,"11":0.8571428571,"12":0.7142857143,"13":0.5714285714,"14":0.5,"15":0.5,"16":0.5,"17":0.5,"18":0.5,"19":0.5,"20":0.5,"21":0.5,"22":0.5,"23":0.5,"24":0.5,"25":0.5,"26":0.5,"27":0.5,"28":0.5,"29":0.5,"30":0.5,"31":0.5,"32":0.5,"33":0.5,"34":0.5,"35":0.6428571429,"36":0.7857142857,"37":0.9285714286,"38":1.0,"39":1.0,"40":1.0,"41":1.0}}