{"scores": [0.9346814702113282, 0.9307327188398794, 0.9328874444287512, 0.9341165908872877, 0.9340696455220862], "kf_cv_scores": [0.9358556437668802, 0.9373731220913918, 0.9395570801099815, 0.9378589664267016, 0.9400021792693645, 0.9352755681304422, 0.9188453363334841, 0.9311102289970253, 0.9372728625967206, 0.93169748140654], "mse": 12438.027839768729, "rmse": 111.5259065857289}